document_id,passage_count,original_mean,shuffled_mean,original_actor_overlap_proportion,shuffled_actor_overlap_proportion
001-100469,88,0.5833924277417961,0.4594887420128303,0.8529411764705882,0.4249567099567099
001-100543,44,0.5702211253864821,0.43468006114627045,0.7777777777777778,0.7404761904761905
001-100897,45,0.5216216248544779,0.3848257912661542,0.7727272727272727,0.699137529137529
001-101152,94,0.5960379994364196,0.4255095638274666,0.9302325581395349,0.6277962693294501
001-101647,30,0.4719790258798106,0.34255890773673514,0.9230769230769231,0.7780952380952381
001-102254,54,0.5568112321900871,0.38595975345738653,0.9473684210526315,0.64
001-102617,144,0.56842709796412,0.4340263662950975,0.8676470588235294,0.6015212609970674
001-102711,53,0.568277679097194,0.4367463084188505,0.8421052631578947,0.46904761904761905
001-102787,89,0.5969336059960452,0.5017553028396584,0.8205128205128205,0.6715406162464986
001-102795,69,0.5964533309726154,0.4816316247041173,0.6521739130434783,0.7142857142857143
001-102799,85,0.5905909243793714,0.4496554768777319,0.8409090909090909,0.7361693861693862
001-103027,109,0.5706064106413612,0.4000069010036963,0.9565217391304348,0.640053163211058
001-103155,66,0.5985206428628701,0.46420761754879586,0.8,0.7001594202898551
001-103273,124,0.49469209426059957,0.3538892182150507,0.8939393939393939,0.49500409500409503
001-105217,75,0.5680220602331935,0.38996271456818327,0.9696969696969697,0.881139122315593
001-105291,65,0.5591224548406899,0.419611147698015,0.9655172413793104,0.821118881118881
001-105415,136,0.6026792662011252,0.4970163458364981,0.9215686274509803,0.3605741626794258
001-106257,76,0.5841102004051208,0.44434729087352753,0.8048780487804879,0.7015659702616224
001-107713,116,0.5283506735511448,0.41143470884989136,0.95,0.6008361378949614
001-108686,47,0.5678279050018477,0.43210372302843175,0.8,0.6524747474747474
001-108957,191,0.5626890553455604,0.3814265763014555,0.8695652173913043,0.5565476190476191
001-109029,154,0.5444942598833757,0.3664100543901726,0.9428571428571428,0.3713804713804714
001-109034,141,0.5392418718763761,0.3600890174752567,0.9206349206349206,0.5806923517713284
001-109191,55,0.5887903725659406,0.42640357641158283,0.88,0.5174242424242425
001-109565,50,0.5394321765218463,0.393275903028493,0.8235294117647058,0.6714285714285715
001-110144,106,0.6044684446993328,0.3887405921660718,0.8648648648648649,0.7104645354645355
001-110452,90,0.5535938380641884,0.3687121487944812,0.8787878787878788,0.5396825396825398
001-110812,48,0.5362965378989565,0.44516381370894453,0.7916666666666666,0.7050527903469079
001-111688,71,0.5582290432282857,0.4390869556048086,0.8,0.5624242424242424
001-111890,49,0.5658763765046994,0.4372790228885909,0.9,0.5723748473748473
001-112534,88,0.5436089076529974,0.41079156875781636,0.9130434782608695,0.7966666666666666
001-113390,67,0.6073443298086976,0.4905611804037383,0.7931034482758621,0.6181743256743257
001-113460,53,0.6074528344548665,0.5234866826006999,0.9523809523809523,0.39623376623376616
001-114076,81,0.5817376561462879,0.3914117216644809,0.9090909090909091,0.7223529411764706
001-115395,32,0.5054859129651901,0.38126047948195085,0.9230769230769231,0.9028571428571428
001-115862,58,0.5439412878793582,0.4359720375977064,0.9032258064516129,0.7276135190918473
001-115868,84,0.6051742544016206,0.45733121353459644,0.8863636363636364,0.7107947704469444
001-116020,125,0.5914068140329853,0.45763519181599543,0.8787878787878788,0.5111166049246545
001-116076,68,0.5336705722025971,0.4552977718524079,0.8823529411764706,0.38578861369109047
001-116186,86,0.5763609451406142,0.39649383162203083,0.6923076923076923,0.6147577276524646
001-116413,165,0.6111640933810211,0.36985510243301667,0.8958333333333334,0.6192873303167421
001-120071,62,0.5748824135201877,0.44926287622847516,0.7142857142857143,0.6218540669856459
001-120959,35,0.4944853283026639,0.3648915481479729,0.8235294117647058,0.926984126984127
001-121906,83,0.553989492447638,0.4636197656665633,1.0,0.6555693815987933
001-122426,70,0.5213794919891633,0.37876763595942997,0.8571428571428571,0.6384726522187821
001-122716,197,0.5409918368166807,0.3945600995869965,0.8297872340425532,0.4250915750915751
001-122975,79,0.5696538298940047,0.4047922944793335,0.8529411764705882,0.7130128205128206
001-127229,97,0.5983225417633852,0.42468421281470603,0.8421052631578947,0.7533333333333333
001-128043,171,0.5921099771471584,0.4150817558673374,0.9464285714285714,0.4187193527296502
001-128198,33,0.5231100232340395,0.40178320053964856,1.0,1.0
001-138580,116,0.629452406582625,0.5108631697685823,0.8888888888888888,0.5482896765700287
001-138603,37,0.5742552189363374,0.4348643674411708,0.9047619047619048,0.8028071928071927
001-138992,168,0.6035193268678145,0.47979629263058754,0.8518518518518519,0.3764945451864956
001-140022,50,0.5464876044769676,0.3801891166336682,0.9166666666666666,0.7410714285714286
001-140927,48,0.5555201141124076,0.4201480188268296,0.8888888888888888,0.695217823971694
001-141170,39,0.5520454880438352,0.41152237987047746,0.8666666666666667,0.7476190476190476
001-142398,35,0.5571648684494636,0.3742573724950061,0.5555555555555556,0.5142857142857142
001-142673,51,0.602131307721138,0.46400687769055365,0.88,0.4924242424242424
001-144661,82,0.5816786399594059,0.39733388613403575,0.7954545454545454,0.6878350055741359
001-144672,180,0.6340444066338033,0.5217945841354366,0.8235294117647058,0.5869221858874105
001-144935,42,0.5653545496667304,0.42311485707759855,0.8260869565217391,0.8102197802197801
001-145564,94,0.5476577403324265,0.31920051757766993,1.0,0.9052584670231729
001-145741,96,0.5398277268597954,0.40798139907419684,0.8333333333333334,0.6867588932806324
001-146565,65,0.5695654386654496,0.4426252949866466,0.8181818181818182,0.6164285714285714
001-147117,161,0.5873180001974105,0.4239717667748482,0.96,0.371131221719457
001-147601,48,0.5147643472920073,0.400686414642854,0.875,0.776923076923077
001-147681,56,0.6034496366977692,0.5102824573083358,0.8888888888888888,0.8158730158730159
001-148268,114,0.5640636828884614,0.4266351232214509,0.8518518518518519,0.6439544159544159
001-148629,139,0.6097565420187901,0.4188668818759692,0.9387755102040817,0.47513784461152875
001-150800,34,0.56189294972203,0.4070933108076904,0.7777777777777778,0.3885281385281385
001-151051,125,0.570905527640735,0.45777694347404657,0.925,0.5620397146712937
001-152598,92,0.5593696365972142,0.43069535568356515,0.717948717948718,0.7652347781217751
001-152647,63,0.534973336323615,0.4232109563965952,0.896551724137931,0.5623987287222582
001-152731,95,0.5860749701870248,0.4426581557602325,0.8666666666666667,0.4432900432900433
001-156261,93,0.6144516757972862,0.46485052801182736,0.8461538461538461,0.48888888888888893
001-156271,63,0.5878715094539427,0.43916282896553316,0.8636363636363636,0.6357142857142857
001-156273,84,0.602409790797406,0.4128052233662232,0.9090909090909091,0.8375942684766216
001-156388,102,0.6144327913770581,0.4583077871793936,0.9183673469387755,0.7679362505449462
001-156518,194,0.5529400497829359,0.3807867761493849,0.84,0.4809523809523809
001-157531,93,0.5759844724898753,0.4428776148483967,0.8709677419354839,0.419003219003219
001-158290,355,0.6065461807542265,0.43461183627230754,0.9518072289156626,0.38393162393162394
001-158861,181,0.5496906475888358,0.348878138489866,0.9693877551020408,0.5033307311995836
001-159782,151,0.6544298491875331,0.5352036223908265,0.9518072289156626,0.6638002334685608
001-159880,90,0.5607523412516947,0.4289895290906509,0.7619047619047619,0.6588699020277967
001-160020,219,0.5836880014987167,0.45364286659986053,0.9152542372881356,0.6995272271588061
001-160313,115,0.5674472883866545,0.41255626805257384,0.8958333333333334,0.5680952380952381
001-161380,68,0.6158176071163434,0.45963876945758936,0.8571428571428571,0.7516666666666667
001-161733,60,0.5822811980368727,0.4310373271168288,0.896551724137931,0.5996288515406162
001-161760,128,0.6142045400274081,0.437862859681014,0.8983050847457628,0.5240379971617294
001-162213,51,0.5770303416252136,0.4391379175484181,0.8695652173913043,0.6166666666666667
001-162704,112,0.5372920296750627,0.4080275932788379,0.8148148148148148,0.6594234628717388
001-163661,64,0.5386404021391793,0.43988209761797437,0.7586206896551724,0.5440350877192983
001-164917,93,0.6277780717481738,0.5120116094370252,0.9142857142857143,0.7194139194139193
001-166958,61,0.5609077510734399,0.47066661727925146,0.9230769230769231,0.686060606060606
001-166963,62,0.624371309260853,0.5365606242516001,0.85,0.671947496947497
001-167557,54,0.608449933663854,0.4475900622752477,0.8333333333333334,0.7337240537240537
001-167797,33,0.496121883392334,0.402961655985564,0.9166666666666666,0.7333333333333333
001-167801,43,0.57599885619822,0.4396497004266296,0.9473684210526315,0.8527777777777779
001-168377,58,0.6163721246677533,0.4563155454661077,0.9090909090909091,0.525952380952381
001-169661,50,0.558138869246658,0.4240850538927681,0.7857142857142857,0.5442857142857143
001-169662,201,0.5668660360202193,0.37444185443127936,0.9259259259259259,0.2741847041847042
001-170362,118,0.634544962619105,0.5206333262543394,0.8333333333333334,0.825
001-170456,95,0.5971384955213425,0.47045509647181694,0.9615384615384616,0.6880952380952381
001-170462,114,0.5654819355865496,0.3993666002971936,0.75,0.75
001-172073,35,0.5805180012522375,0.4228050747941084,0.8461538461538461,0.6433333333333333
001-172077,143,0.574618208208974,0.4350619092531187,0.85,0.43885281385281394
001-173091,58,0.5989977696485687,0.4643211950335586,0.8620689655172413,0.44247002997003
001-173261,81,0.5868903078138828,0.44872428642585865,0.9473684210526315,0.7942513368983957
001-173490,74,0.5886072187799297,0.4305720998510106,0.8214285714285714,0.6571139971139972
001-173800,39,0.5264183251481307,0.42452129123634413,0.8888888888888888,0.6199999999999999
001-174060,47,0.5491849695858748,0.4415714311858882,0.8333333333333334,0.9428571428571428
001-174419,121,0.5915813140571118,0.46370008326368406,0.921875,0.41776288227901126
001-174968,38,0.6208649694516852,0.48981156136739895,0.8125,0.5219047619047619
001-175007,39,0.4934727945610097,0.4227593710597016,1.0,0.0
001-175121,267,0.5907712944300103,0.43078985968814754,0.9298245614035088,0.5076354889782
001-175140,76,0.5574932154019674,0.39150160030523934,0.9032258064516129,0.9193772893772895
001-175142,59,0.6247135092472208,0.46214466190029835,0.8181818181818182,0.7106060606060607
001-175481,134,0.6158106039957445,0.45124723664835037,0.9180327868852459,0.5205291005291006
001-175669,29,0.5866758972406387,0.4056628269808633,0.8181818181818182,0.7738095238095238
001-177079,102,0.6226215071902417,0.49133685259978377,0.8055555555555556,0.5618614718614718
001-177082,179,0.5815814559379321,0.4113386633188537,0.8974358974358975,0.47703857546165596
001-177341,44,0.5365996523651966,0.39403551959021144,0.9473684210526315,0.8492063492063492
001-177665,119,0.5602735817684965,0.37083545067205514,0.8863636363636364,0.6186764705882354
001-178175,92,0.5333059837857446,0.40679544377457966,0.8857142857142857,0.7470862470862472
001-178747,44,0.5486113872638968,0.4010164193635763,0.5882352941176471,0.49333333333333335
001-178904,72,0.5267574479672271,0.37880791297156213,0.8095238095238095,0.4233766233766234
001-179228,50,0.5540037462297751,0.42926915464352583,0.9130434782608695,0.6152380952380953
001-179427,41,0.5730640582740307,0.43792114757001405,0.8235294117647058,0.6309523809523808
001-180279,81,0.5846845440566539,0.4629177686898037,0.8709677419354839,0.7422688422688423
001-180486,82,0.596236511145109,0.4361283937354147,0.75,0.67
001-180505,52,0.5792652502948162,0.3790109199490033,0.9285714285714286,0.48571428571428577
001-180838,55,0.5577787596870352,0.4172763910023841,0.9375,0.8700584795321638
001-182208,79,0.5615815408527851,0.41436587016169846,0.8292682926829268,0.4563877084014384
001-182210,73,0.5471126428908772,0.41809999418651894,0.8823529411764706,0.6981750275867923
001-182215,39,0.462892505683397,0.3422302077769449,0.72,0.7245098039215686
001-182595,62,0.5625173302947498,0.43953022969672917,0.8888888888888888,0.6097902097902097
001-182867,84,0.5957004790564617,0.4823999560022929,0.9024390243902439,0.5444124144352978
001-182868,34,0.5428199343609087,0.4574892335768902,0.6190476190476191,0.602047952047952
001-182876,44,0.5894708186388016,0.42064329985269283,0.8,0.4966666666666667
001-183296,51,0.5474881610274315,0.36539061041176313,0.85,0.5783333333333333
001-183387,84,0.5729496721402708,0.43652194347008166,0.8837209302325582,0.6728518265360371
001-183543,50,0.5762269770612523,0.4109136809499896,0.782608695652174,0.6013636363636363
001-184476,55,0.6432147020543063,0.47411004111722665,0.8947368421052632,0.4666666666666666
001-184525,674,0.5622560702413764,0.36895421995669964,0.9192546583850931,0.5830976549512018
001-185231,33,0.5375062730163336,0.42077999308239666,0.7692307692307693,0.5576190476190476
001-185312,64,0.5637469414680724,0.4570108522971471,0.9629629629629629,0.5681318681318681
001-185495,122,0.5584608827494393,0.38151928750444053,0.8,0.47111111111111115
001-186116,65,0.56668262463063,0.3748106207931414,0.7916666666666666,0.6706349206349206
001-186135,132,0.5772990793672227,0.4364901222231734,0.9210526315789473,0.4028959810874705
001-186439,64,0.5521896192951808,0.39448692339531605,0.9333333333333333,0.6006259426847662
001-186451,63,0.5730024954724696,0.39415647898530287,0.96,0.8858585858585858
001-187419,143,0.6078627589093127,0.4771970032228971,0.7777777777777778,0.5319178380734444
001-187540,541,0.5903399704938271,0.4213214554357842,0.9084967320261438,0.4602112241751464
001-187731,127,0.5658236506675917,0.4256657967972199,1.0,0.6933333333333334
001-187739,58,0.5551940095529222,0.40836027752150567,0.8888888888888888,0.43619047619047613
001-187926,25,0.5458936753372351,0.40757395016650355,0.8181818181818182,0.6542857142857142
001-187930,135,0.5826878587701427,0.41312200038228186,0.9285714285714286,0.32335164835164837
001-189591,53,0.561062247134172,0.4430263320270639,0.7142857142857143,0.4712121212121213
001-191364,15,0.5262063954557691,0.4419039115309715,0.6666666666666666,0.6666666666666666
001-191749,62,0.6059909746295116,0.45045308139724816,0.9565217391304348,0.5502525252525252
001-192205,102,0.6179366623706156,0.45608051685561046,0.972972972972973,0.6472727272727272
001-192210,96,0.5829819929442908,0.42521661415696144,0.9056603773584906,0.644367816091954
001-193069,48,0.5798485177628537,0.4219225190579891,0.8333333333333334,0.615
001-193078,40,0.6235846735728092,0.4713469987496352,0.8461538461538461,0.48
001-193260,37,0.5772334018515216,0.4031945387108459,0.8181818181818182,0.4966666666666667
001-193608,52,0.586868089203741,0.4796532906153622,0.8823529411764706,0.5071428571428571
001-194317,38,0.5446711251059094,0.40653378617119146,0.875,0.4583333333333333
001-194444,94,0.6009262172124719,0.45528617186411735,0.9090909090909091,0.5062826062826062
001-194735,128,0.6333458551506358,0.4921411633374184,0.8541666666666666,0.45499999999999996
001-195863,124,0.6167076545033029,0.4485550103883251,0.9384615384615385,0.5271112795250726
001-196377,60,0.4975915558762469,0.40825953483581545,0.7,0.6411324786324786
001-197098,174,0.593401242892737,0.4356994646176092,0.75,1.0
001-198472,48,0.5481781997579209,0.42898801099112693,0.75,0.4503018575851393
001-198708,70,0.5752387039255404,0.44937774718239687,0.9069767441860465,0.6967195767195767
001-199075,121,0.5728567986438672,0.39181246779859064,0.8125,0.7746147978642257
001-199381,90,0.5762722850515601,0.4051076527810499,0.8666666666666667,0.39207459207459205
001-199636,30,0.5679348558187485,0.4055506954676118,0.8571428571428571,0.5571428571428572
001-200324,76,0.5831784057617188,0.45835056655357287,0.7222222222222222,0.660952380952381
001-200333,551,0.6017687047069723,0.3608282839477126,0.9148936170212766,0.601159688912823
001-200436,123,0.5910206735134125,0.44144668583071134,0.9074074074074074,0.4647352647352648
001-200437,48,0.6516595340155541,0.4949600278855638,0.7894736842105263,0.38293650793650796
001-200444,64,0.581975386019737,0.44022004542842746,0.9047619047619048,0.6826984126984128
001-200719,132,0.6088673879627053,0.43134285350337287,0.8703703703703703,0.7475152866457215
001-201326,92,0.5443803349530304,0.39123996216292073,0.9512195121951219,0.5281818181818181
001-201348,82,0.5837067785086455,0.4619602238598429,0.8604651162790697,0.48138528138528136
001-201647,75,0.5963567579920227,0.46670831943283214,0.8275862068965517,0.4769230769230769
001-201756,43,0.5737770618427367,0.4385068253747054,0.85,0.7076923076923076
001-201896,86,0.5536857553264674,0.45829982235151173,0.9787234042553191,0.5524475524475524
001-202416,110,0.6143817171591137,0.4529728582932041,0.9661016949152542,0.7078791308672464
001-202417,43,0.5673923364707402,0.42805505405579297,0.8235294117647058,0.518968253968254
001-202433,40,0.5629712213308383,0.42483836267239006,1.0,0.7417460317460317
001-202461,38,0.5793593018441587,0.458194402625432,0.8666666666666667,0.42857142857142855
001-202520,39,0.543471594782252,0.4143972646248968,0.85,0.82
001-202693,55,0.5528494652222704,0.4415691223133494,0.8333333333333334,0.6481442577030812
001-202989,29,0.5542289830212083,0.43483633175492287,0.8181818181818182,0.6
001-203003,42,0.5254326168356872,0.4491457807945042,0.8,0.6476190476190475
001-203631,54,0.5698262604902375,0.44165675859406306,1.0,0.7936363636363637
001-204826,72,0.5756267827581352,0.45079112399212073,0.8846153846153846,0.6383838383838383
001-205146,42,0.5306872620088298,0.4237856981594389,0.8095238095238095,0.41818181818181815
001-205378,36,0.549660118988582,0.41630663439631466,1.0,0.8028571428571428
001-206155,78,0.6074194269520896,0.46417420797243525,0.9782608695652174,0.5725274725274725
001-206160,52,0.5700505703103309,0.43877059133613805,0.9117647058823529,0.5729090909090909
001-206503,33,0.5594023724552244,0.4014661076827906,0.7,0.43
001-206512,50,0.5661232401521838,0.45297845016632765,0.9629629629629629,0.5843137254901961
001-207017,103,0.5958210028269711,0.451736991794086,0.9444444444444444,0.5163636363636364
001-57438,59,0.538726149448033,0.4058351321723954,0.625,0.5357142857142858
001-57491,89,0.536218244751746,0.40764028512957423,0.75,0.5378066378066378
001-57496,262,0.5388169462767597,0.39063472217805256,0.9117647058823529,0.6786255411255411
001-57504,103,0.6153670134497624,0.4483513475048776,0.88,0.82
001-57518,112,0.6149172664762618,0.45189493915028367,0.8780487804878049,0.5668387314439945
001-57519,123,0.5655959219229026,0.3906990891108747,0.8536585365853658,0.7892307692307693
001-57533,162,0.5551941027135953,0.38138961214630035,0.85,0.6928282828282828
001-57575,50,0.5046579290409478,0.3886817194901559,0.7,0.7
001-57586,102,0.49481438882280104,0.34192277868969895,0.8571428571428571,0.7326050420168068
001-57626,75,0.5101878447709857,0.40440890917781036,0.9130434782608695,0.8027777777777778
001-57627,69,0.5215521820492166,0.3977267946048147,0.9565217391304348,0.8780952380952382
001-57640,57,0.5519658771476575,0.3613960336428136,0.75,0.875
001-57767,139,0.5398528115904849,0.3878992990003494,0.8333333333333334,0.16666666666666666
001-57827,155,0.5015989907037515,0.36199061046656855,0.7619047619047619,0.6606526806526807
001-57887,59,0.5122323395877049,0.36639308559483497,0.8421052631578947,0.5883333333333333
001-57895,190,0.5281515019162307,0.38148886973196,0.8904109589041096,0.6599679487179487
001-57911,105,0.5425218659668014,0.40819999572032917,0.7631578947368421,0.6049816849816849
001-57927,50,0.5458557392869677,0.4104286898459707,0.8947368421052632,0.5232828282828283
001-57929,58,0.5384046079819662,0.39548494025182573,1.0,0.5542857142857144
001-57934,75,0.5034654633821668,0.3464745889166118,0.875,0.4
001-57955,59,0.5704110583354687,0.4357715686590507,0.8823529411764706,0.485
001-57960,73,0.5046248917157451,0.3813529228843334,0.8,0.6516666666666666
001-57965,64,0.5906801200102246,0.43321730203571773,0.8947368421052632,0.5561904761904762
001-57984,81,0.5845938554033637,0.42975543103180824,0.8095238095238095,0.6540909090909091
001-58022,75,0.5281201741985373,0.4153824961668736,0.6875,0.5926190476190476
001-58030,145,0.5585872995563679,0.41138761609327046,0.8333333333333334,0.7533333333333333
001-58033,131,0.567308975641544,0.4281829671447094,0.8305084745762712,0.47218581418581423
001-58068,51,0.5189561875164509,0.3665522913318128,0.9444444444444444,0.2342857142857143
001-58098,46,0.514187651210361,0.4008475960046053,0.875,0.6633333333333333
001-58116,90,0.5496549338437198,0.4156289998567506,0.7272727272727273,0.570952380952381
001-58208,61,0.5669733181595802,0.43957657776772974,0.8095238095238095,0.6819047619047619
001-58272,107,0.5337385673005626,0.3588958642045739,0.7419354838709677,0.6318570318570319
001-58274,108,0.5413920252679665,0.36775072655405533,0.7241379310344828,0.5129870129870129
001-58448,100,0.5804848637093197,0.4224936572816035,0.8181818181818182,0.5266666666666666
001-58497,90,0.5561110410797462,0.40267389346374555,0.3333333333333333,0.49999999999999994
001-58586,99,0.5380542686551201,0.4132985078957768,0.6470588235294118,0.5675490196078431
001-58736,178,0.5751307340665052,0.4245869957920859,0.8863636363636364,0.4673076923076923
001-58911,32,0.5677192384196866,0.42912196795786584,0.5555555555555556,0.7166666666666666
001-58922,37,0.5825836530162228,0.43899201961855094,1.0,0.8225396825396825
001-59160,68,0.5822309146621334,0.4377258811868838,0.9130434782608695,0.39714285714285713
001-59194,208,0.5826834862070959,0.3983829074903675,0.8615384615384616,0.6244274322169059
001-59221,53,0.5609735353634908,0.4204085012700839,0.9230769230769231,0.3933333333333333
001-59353,143,0.5862808895467873,0.4139500105228852,0.9361702127659575,0.8285714285714286
001-59621,54,0.5161547388108272,0.40416748695216087,0.875,0.44102564102564096
001-59868,32,0.5403567051454898,0.3690847086449785,0.8333333333333334,0.6
001-59998,48,0.5608264734136298,0.4390437136939232,0.8333333333333334,0.4619047619047619
001-60163,66,0.521340354360067,0.39540845462049423,0.9615384615384616,0.6322727272727273
001-60324,20,0.5588336790862837,0.4198489189147949,0.3333333333333333,0.45
001-60431,67,0.556262831344749,0.44455627627444994,0.9117647058823529,0.27519349845201235
001-60492,16,0.5389100134372711,0.39188881665468217,0.6666666666666666,0.5555555555555555
001-60612,18,0.5465464802349315,0.3905014609589296,0.8,0.5
001-60696,24,0.5507374729799188,0.4216627203899881,0.5,0.3666666666666666
001-60733,35,0.5228171199560165,0.40434482088860346,0.75,0.6066666666666667
001-60791,58,0.6222919424374899,0.4461348028036586,0.9473684210526315,0.7295238095238095
001-60824,94,0.6073365702584226,0.4377800393549185,0.8928571428571429,0.43328449328449337
001-60891,40,0.6242442165429776,0.46908843490557794,0.8333333333333334,0.3
001-60898,128,0.5783812630129611,0.4114024609884644,0.9253731343283582,0.5719066975752035
001-60915,104,0.5846816738253658,0.4471561540659625,0.9428571428571428,0.7105128205128206
001-60917,35,0.5029557754888254,0.3934805886436473,0.8666666666666667,0.5977777777777779
001-60958,61,0.5382279252323011,0.41371748598602914,0.9130434782608695,0.5774025974025974
001-61002,50,0.5588393612783782,0.4139568087093684,0.9285714285714286,0.5733333333333334
001-61069,73,0.5947544953475395,0.4400959025447567,0.8387096774193549,0.34638694638694634
001-61099,60,0.5590098606327832,0.4011749904034502,0.7407407407407407,0.3595238095238095
001-61135,27,0.5145475319944895,0.3578707012706078,1.0,1.0
001-61164,79,0.5755273285202491,0.43678865397396766,0.9655172413793104,0.42666666666666664
001-61184,67,0.6006328937682238,0.43595605503880613,0.9230769230769231,0.6199999999999999
001-61228,50,0.6017906805690454,0.4282518283292955,0.9,0.41944444444444445
001-61247,39,0.5185934646349204,0.3890910437624705,0.9375,0.6847619047619048
001-61294,102,0.5414649816137729,0.3678093801095787,0.9473684210526315,0.55
001-61619,54,0.5812358579264497,0.46960446934725314,0.9523809523809523,0.40499999999999997
001-61628,43,0.6012700242655618,0.48337914156062256,0.7777777777777778,0.4514285714285714
001-61653,45,0.5983423499221151,0.45896617370572956,0.7647058823529411,0.7222222222222221
001-61663,93,0.5693666371314422,0.4172851938835305,0.9130434782608695,0.538888888888889
001-61686,97,0.5790197034366429,0.38274151928296,0.8867924528301887,0.45895274584929757
001-61747,53,0.5681625919846388,0.43433860336931857,0.9047619047619048,0.530050505050505
001-61798,44,0.5593969582818276,0.44613447549731233,0.9285714285714286,0.29
001-61853,115,0.5671942556897799,0.40136331160176997,0.9318181818181818,0.5985448916408668
001-67418,74,0.606175922673859,0.4611680289054264,0.9615384615384616,0.5274592074592075
001-67472,40,0.5054527177260473,0.3681066845669053,1.0,1.0
001-67478,51,0.5370701217651367,0.4066326837949455,1.0,0.44666666666666666
001-67930,35,0.536128942580784,0.3750034165733001,0.9090909090909091,0.55
001-68373,62,0.6009525656700134,0.4631941863503612,0.8846153846153846,0.487012987012987
001-68920,64,0.5617475963774181,0.4170029498754985,0.8387096774193549,0.664981684981685
001-69239,36,0.534334819657462,0.41060328792248457,0.8461538461538461,0.5457142857142857
001-69315,155,0.5324230705714458,0.33874985048930656,0.9411764705882353,0.7049013744253683
001-69469,69,0.6239594558582586,0.5045031477861545,0.9090909090909091,0.8150000000000001
001-70132,69,0.5644151755225133,0.430038192961365,0.8571428571428571,0.4174603174603175
001-70373,116,0.5311853268872136,0.36804232838118206,0.8571428571428571,0.6799999999999999
001-71210,19,0.5353162007199394,0.4218633944789568,0.8333333333333334,0.9
001-71303,49,0.5705512274677554,0.4115713586390484,0.9565217391304348,0.5364646464646465
001-71483,27,0.5758987126442102,0.425204046872946,0.75,0.5333333333333333
001-72205,45,0.5501416118984873,0.4359795930287377,0.8333333333333334,0.3761904761904762
001-72207,56,0.5730365812778473,0.49939156456427136,0.9166666666666666,0.3092424242424242
001-75337,77,0.617042787373066,0.4771170004025886,0.9354838709677419,0.4717748917748918
001-75423,71,0.6134979788746152,0.46988614019804775,0.875,0.6483766233766234
001-75858,75,0.5766694481308395,0.42528323827160375,0.8148148148148148,0.34615384615384615
001-76453,48,0.5097560002765757,0.35365363536105354,0.7619047619047619,0.4051082251082251
001-77042,31,0.6126681615908941,0.42192669838666913,1.0,1.0
001-77936,41,0.5339623913168907,0.4103618187084794,0.8125,0.7301587301587302
001-78053,23,0.5355599400672045,0.44037046906622973,0.875,0.5833333333333333
001-79996,46,0.5286699785126581,0.34366959210071296,0.85,0.41611111111111115
001-80083,52,0.5967705577027564,0.4450916197662259,0.875,0.8652608794714057
001-80619,50,0.5235585103533706,0.3997925079446666,0.9444444444444444,0.5857142857142856
001-81142,51,0.5634865835309029,0.43205474770069124,0.8333333333333334,0.5421212121212122
001-81323,112,0.5616139479585596,0.4017880794255541,0.8653846153846154,0.637095238095238
001-82560,64,0.5823997401055836,0.4335415337264301,0.875,0.7558974358974359
001-82711,59,0.5818984850213446,0.44478888265017796,0.8260869565217391,0.6653535353535353
001-83294,71,0.5301183589867183,0.399596814257758,0.8333333333333334,0.6368831168831168
001-83747,39,0.5550438251934553,0.4217019235274117,0.7272727272727273,0.5677922077922078
001-83788,108,0.5271501156771294,0.3953567195788165,0.9245283018867925,0.4182183908045977
001-84106,86,0.5906904360827278,0.46947979693903646,0.9117647058823529,0.5536842105263158
001-84586,56,0.5978624793616208,0.46052592331712894,0.875,0.7111004784688995
001-85019,280,0.5984409223961574,0.45611282818175447,0.9368421052631579,0.5096825396825397
001-85152,115,0.601989717598547,0.44774672468764737,0.8723404255319149,0.25696594427244585
001-86008,28,0.586253007804906,0.43908182504000487,0.8333333333333334,0.5866666666666667
001-86233,64,0.5958252773871497,0.47558834701776503,0.9565217391304348,0.7708513708513709
001-86253,48,0.5580456345639331,0.47162594300635313,0.8275862068965517,0.6931286549707603
001-86364,40,0.5705711096525192,0.4245889692973249,0.7894736842105263,0.6521212121212121
001-86687,29,0.5494593669261251,0.4440592037779944,0.8888888888888888,0.805944055944056
001-87156,101,0.5377733428776265,0.39987420670688156,0.9423076923076923,0.5763286713286713
001-87207,95,0.6053008842975536,0.45835386637519016,0.9148936170212766,0.35233100233100234
001-87567,24,0.5160779136678447,0.4559292293113211,0.8666666666666667,0.6850505050505051
001-87934,259,0.5477068479382252,0.38786171471497927,0.9787234042553191,0.4000927800269906
001-88719,59,0.5912150156138272,0.4276451326168046,0.8695652173913043,0.5632539682539683
001-89283,53,0.5760688455058978,0.44253930036838235,0.8666666666666667,0.7916666666666666
001-89287,46,0.554065798388587,0.4635077932145861,0.8214285714285714,0.7863575322166654
001-89813,45,0.5830795270475474,0.4475853393870321,0.7368421052631579,0.4766233766233766
001-89964,54,0.5585649232819395,0.40111297534884144,0.8888888888888888,0.5447619047619048
001-90051,135,0.597170496832079,0.4431000397498927,0.9041095890410958,0.6440782245660295
001-90433,83,0.5824079284580742,0.40138996376133546,0.7272727272727273,0.5
001-90627,30,0.5209645700865778,0.3775981006437335,0.8333333333333334,0.575
001-90755,30,0.49210331049458733,0.4045229325006748,0.7777777777777778,0.4156954156954157
001-90967,65,0.5117021806072444,0.3822424013633281,0.6333333333333333,0.5680844645550528
001-90969,67,0.5368469382325808,0.3853053781401479,0.8214285714285714,0.5602564102564103
001-90975,57,0.54781663151724,0.435382717342249,0.8333333333333334,0.5506837606837607
001-90977,67,0.5378863104816639,0.3811622575842634,0.7037037037037037,0.36029914529914536
001-92147,37,0.5474798588289155,0.3970436858220233,0.8666666666666667,0.7455555555555555
001-92418,67,0.5980622172355652,0.4951601186485002,0.9230769230769231,0.6588383838383839
001-92572,36,0.5280205002852849,0.4172626073445593,0.7894736842105263,0.5554822954822954
001-92767,53,0.6066974722422086,0.4628917255940346,0.8823529411764706,0.5683333333333332
001-93250,115,0.5956180815895399,0.4270191127009559,0.8214285714285714,0.5366666666666666
001-93419,68,0.5824327869201774,0.4567575178039608,0.7272727272727273,0.5544117647058824
001-93690,72,0.5414582931659591,0.3975300375686984,0.8823529411764706,0.6091950464396284
001-94204,128,0.5200492789543519,0.3677835047014028,0.7567567567567568,0.544301822208799
001-94206,145,0.522926394517223,0.349764316322075,0.76,0.5748230802146078
001-94214,163,0.5642658023186672,0.31357856880292084,0.8478260869565217,0.5345098039215687
001-94222,71,0.5769199437328747,0.3721355414656241,0.8846153846153846,0.7704739704739704
001-94229,53,0.5457366083103877,0.39553243982999653,0.55,0.379047619047619
001-94236,50,0.5423278416297874,0.4205358026568226,0.782608695652174,0.5687878787878787
001-94238,54,0.5280764842370771,0.3999404809595841,0.7692307692307693,0.3855026455026455
001-95300,134,0.5380381871771095,0.36632085581751245,0.6666666666666666,0.4866967252017086
001-95768,56,0.584755991263823,0.4641163700277155,0.76,0.7541666666666667
001-96389,155,0.6481061336862577,0.5048617924188639,0.9701492537313433,0.5293647470111515
001-96457,81,0.5611256409436465,0.44415373512194495,0.8648648648648649,0.6482212885154062
001-96585,189,0.54058983937857,0.3853510423424713,0.8867924528301887,0.6047154084305786
001-96587,48,0.5173315979698871,0.3871890130829304,0.8888888888888888,0.5895238095238096
001-97060,47,0.5469915678967601,0.4308321161924497,0.8571428571428571,0.5695238095238094
001-97087,68,0.57057730375386,0.44137305538726057,0.8333333333333334,0.5733333333333334
001-97963,75,0.5268439950572478,0.40958943699260014,0.9166666666666666,0.5448425430778372
001-97969,83,0.5394534848448707,0.4167187854829358,0.9137931034482759,0.6460982362315317
001-98064,108,0.559567621378141,0.41456845607086323,0.9387755102040817,0.6460785659801678
001-98264,40,0.5217003249205076,0.41434494256973264,0.6470588235294118,0.7253968253968254
001-98332,22,0.5508056595211938,0.3883807510847137,0.625,0.8
001-98669,319,0.5672578002097752,0.3996083226831192,0.9247311827956989,0.45844827586206893
001-98684,112,0.5365750678219237,0.3769526918712366,0.7183098591549296,0.5107643202208421
001-98688,110,0.5367808671446022,0.3702199334560663,0.6811594202898551,0.5234751953753017
001-99817,224,0.616184151426559,0.46080920480258525,0.9384615384615385,0.5112790672333006
001-99828,73,0.5883184013267359,0.4661836422772871,0.8787878787878788,0.7400086188321482
001-99832,66,0.5901550856920389,0.44650079756975175,0.8285714285714286,0.6943722943722943
001-99883,58,0.5427743170345039,0.43139981358197693,0.8275862068965517,0.39725490196078433
